StaffID,Staff_Name,Staff_Email,StaffPerformanceRating
0,John Bridges,pdavidson@example.com,Poor
1,Sarah Bentley,ajohnson@example.net,Average
2,Connie Cervantes,michele29@example.net,Excellent
3,Jessica Stewart,xwilson@example.org,Poor
4,Cheryl Carpenter,christine96@example.org,Good
5,Jessica Coleman,sandra03@example.org,Poor
6,Kelly Johnston,edwardsaaron@example.org,Excellent
7,Rebecca George,michaelperez@example.org,Average
8,Sara Aguilar,nicholasmullins@example.org,Poor
9,Michelle Pace,freemanjose@example.com,Average
10,Nicole Kane DDS,jlopez@example.net,Good
11,Edgar White,laura24@example.org,Poor
12,Jacob Schroeder,bescobar@example.com,Poor
13,Chad Patterson,byrderic@example.net,Good
14,Donna Weiss,zreynolds@example.com,Good
15,Amy Lopez,matthewpotter@example.net,Good
16,Ryan Carter,cartertyler@example.org,Excellent
17,Kenneth Gonzalez,jon97@example.net,Excellent
18,John James,fernandezheather@example.net,Poor
19,Brent Parker,Unknown,Poor
20,Jacob Medina,rebeccabrown@example.com,Poor
21,Blake Ramirez,Unknown,Average
22,Barbara Campbell,wjohnson@example.com,Good
23,Mary Mcgee,victoria48@example.com,Poor
24,Kenneth Vega,jwang@example.com,Good
25,Jonathan Bell,Unknown,Excellent
26,Phyllis Herman,Unknown,Good
27,Bryan Beck,michael85@example.net,Average
28,Richard Stevenson,blackeugene@example.com,Average
29,Timothy Dillon,omurray@example.com,Good
30,Dr. John Guzman Jr.,allison40@example.com,Average
31,Tony Martinez,dwayne45@example.org,Average
32,Christine Vargas,tracy79@example.net,Excellent
33,Emily Williams,allenbradley@example.org,Poor
34,Jackie Johnson,Unknown,Average
35,Cassandra Mitchell,jeff80@example.org,Poor
36,Laura White,aaronschneider@example.net,Good
37,Courtney Gates,tarahamilton@example.net,Good
38,Diana Sanders,sweeneycorey@example.net,Average
39,Michelle Ramirez,tyronecooke@example.org,Good
40,Rebecca Barnes,mberg@example.org,Excellent
41,Emma Keller,jenniferwoodward@example.com,Average
42,Angela Roman,kimberlyharrington@example.com,Average
43,Bryce Bernard,washingtonashley@example.com,Average
44,Jerry Collins DDS,michellepeterson@example.com,Good
45,Cynthia Carrillo,johnsonjohn@example.net,Good
46,Scott Moss,scalhoun@example.com,Average
47,Tammy Flores,todd17@example.org,Poor
48,Christine Nunez,ocantu@example.com,Good
49,John Martin,michael70@example.org,Good
50,Phillip Hernandez,Unknown,Average
51,Leslie Stone,terrysean@example.net,Poor
52,Jason Eaton,qgriffin@example.org,Average
53,Sheila Williams,Unknown,Good
54,Jonathan Johnson,andrew87@example.net,Average
55,Alexandra Wilson,heatherchang@example.net,Average
56,John Fowler,hallstephanie@example.org,Average
57,Scott Jimenez,luceroscott@example.org,Poor
58,Bethany Hudson,jonathan04@example.com,Average
59,Holly Lara,wrightkelly@example.net,Good
60,Tanya Kane,blevinstravis@example.net,Average
61,Alexander Anderson,jamesedwards@example.com,Poor
62,Jennifer Harrison,nlee@example.com,Excellent
63,Keith Briggs,william16@example.net,Poor
64,Brandon Dunn,sriddle@example.net,Average
65,Catherine Johnson,tmason@example.org,Excellent
66,Kimberly Russell,jennifer08@example.net,Average
67,Travis Hogan,Unknown,Poor
68,Wesley Christian,judithvega@example.org,Excellent
69,Sarah Greer,lindajohnson@example.org,Excellent
70,Jason Baker,lindseygarner@example.org,Average
71,Andrea Green,michaela48@example.org,Average
72,Todd Williams,amanda40@example.net,Poor
73,Sara Ferguson,marcus87@example.com,Average
74,Breanna Bowen,bcarter@example.net,Excellent
75,Denise Nichols,Unknown,Good
76,Kyle Gutierrez,coxconnie@example.net,Good
77,Amanda Jones,cynthiacarson@example.com,Poor
78,Laura Smith,jenniferpeterson@example.org,Average
79,Jessica Booth,michellecannon@example.net,Poor
80,Justin Lambert,vlucas@example.net,Good
81,Kendra Olson,melissa72@example.com,Good
82,Laurie Young,frankbarton@example.org,Average
83,Amy Roberts,Unknown,Excellent
84,Sheri Mathews,heather17@example.com,Average
85,Melissa Keller,matthew41@example.org,Good
86,Megan Snyder,ujones@example.net,Excellent
87,Brittany Tapia,jasmine20@example.net,Poor
88,Dr. Stacy Johnson,ethanjohnson@example.net,Good
89,Travis Williams,sarahedwards@example.com,Poor
90,Jeffrey Wagner,uclark@example.com,Excellent
91,Elizabeth Gregory,owensdanny@example.com,Poor
92,Lonnie Galvan,james65@example.com,Good
93,Elizabeth Foster,Unknown,Average
94,Natalie Webb,burtonscott@example.com,Poor
95,Robin Ferguson,eortiz@example.com,Good
96,Tracie Myers,douglas41@example.com,Good
97,Catherine Williams,sarahfrench@example.org,Excellent
98,Jonathon Dixon,jasminebecker@example.org,Good
99,Mrs. Nicole White,monica44@example.org,Average
100,Elizabeth Mueller,nathan75@example.net,Average
101,Jonathon Owens,Unknown,Poor
102,Jonathan Shelton,devin36@example.org,Poor
103,Andrew Brewer,seanpatrick@example.net,Poor
104,Alex Sharp,mary60@example.org,Poor
105,Tina Allen,omoreno@example.org,Average
106,Kimberly Cervantes,sherrymurillo@example.org,Excellent
107,Michael Anderson,ruben97@example.net,Poor
108,Sonya Castillo,zmccarthy@example.org,Excellent
109,Traci Stanton,gravesgina@example.org,Good
110,Christopher Wilson,cjackson@example.com,Good
111,Mackenzie Watson,omarquez@example.net,Poor
112,Heather Davis,kristi56@example.net,Good
113,Richard Green,nancygarcia@example.net,Excellent
114,Megan Brown,hollygrant@example.org,Excellent
115,Ashley Vargas,christopher61@example.net,Good
116,Justin Spencer,jeremy29@example.net,Poor
117,Paul Fowler,whitney54@example.net,Excellent
118,Crystal Perez,Unknown,Excellent
119,Jose Baker,bettyclarke@example.org,Average
120,Kenneth King,perezjennifer@example.org,Poor
121,Marcia Tyler,langdavid@example.org,Average
122,Robert Williams,davidharrison@example.net,Good
123,Brenda Wiley,gail60@example.org,Good
124,Jason Ingram,robertwilliams@example.net,Average
125,Matthew Watson,marcusdavis@example.org,Poor
126,Michael Smith,Unknown,Excellent
127,Brandon Arellano,omar13@example.org,Good
128,Cynthia Rogers,vsavage@example.org,Poor
129,Christopher Smith,scott68@example.org,Poor
130,Michael Bell,Unknown,Good
131,Robert Williamson,william87@example.com,Good
132,Sarah Durham,michaeldavis@example.com,Poor
133,Anita Fisher,walter45@example.net,Excellent
134,Kimberly Hampton,nathan00@example.com,Average
135,Susan Davis,molly10@example.net,Good
136,Kathleen Ingram,ryan67@example.org,Average
137,Kelly Li,lance69@example.net,Poor
138,Marcus Nelson,ryanreed@example.com,Average
139,Beth Smith,tracy19@example.net,Excellent
140,Diana Franklin,cynthia19@example.net,Poor
141,Sean Lang,terri18@example.org,Excellent
142,Thomas Padilla,garciajustin@example.org,Poor
143,Lisa Chen,carterpatrick@example.org,Excellent
144,Ashley Wyatt,kari69@example.org,Poor
145,Nicholas Williams,vmathews@example.org,Excellent
146,Harry House,rogerslarry@example.com,Poor
147,Jacob Dixon,huangsusan@example.org,Excellent
148,Raymond Green,cohenmelvin@example.com,Poor
149,Lisa Dawson,Unknown,Excellent
150,Stephen Smith,nicolehall@example.net,Good
151,Elijah Lam,Unknown,Average
152,Jacqueline Blackwell,danielle75@example.net,Poor
153,Darlene Martin,bryanjohnson@example.org,Excellent
154,Gerald Wolf,Unknown,Good
155,Lynn Mcclain,ysuarez@example.net,Poor
156,Samantha Marshall,qbenton@example.org,Poor
157,Ian Thomas DDS,paul82@example.com,Poor
158,Melissa Hernandez,icarroll@example.net,Average
159,Michael Robinson,nowens@example.com,Excellent
160,Christopher Anderson,ymcintosh@example.net,Excellent
161,Emma Mercado,Unknown,Poor
162,Anthony Perez,robert23@example.net,Poor
163,Brian Luna,rbaxter@example.net,Poor
164,Whitney Gonzalez MD,christophergarcia@example.org,Good
165,Kevin Andrews,tferguson@example.net,Poor
166,Larry Olsen,wpayne@example.org,Average
167,Charles Michael,afernandez@example.net,Excellent
168,Barbara Freeman,schroedershannon@example.net,Average
169,Laura Andrews,andrew02@example.net,Poor
170,Dustin Love MD,ycarey@example.org,Good
171,Barry Trujillo,smithzachary@example.net,Poor
172,Michael Miller,tanyagill@example.net,Poor
173,Linda Sanders,morrisjohn@example.net,Poor
174,Craig Doyle,hoffmanpaul@example.net,Poor
175,Susan Chambers,jessicachambers@example.net,Poor
176,Valerie Barber,carolyngross@example.org,Excellent
177,Sean Williams,justinlopez@example.com,Average
178,Jason Taylor,shaffersteven@example.net,Good
179,Randy Brown,qdavis@example.net,Poor
180,David Solomon Jr.,Unknown,Good
181,Scott Small,vkaufman@example.com,Excellent
182,Peter Knight,Unknown,Average
183,Ethan Carlson,janet60@example.org,Poor
184,Jeremy Watts,browndaniel@example.com,Excellent
185,Erik Hunt,coxsteven@example.org,Excellent
186,Melissa Medina,oross@example.com,Average
187,Richard Perkins,lisa11@example.org,Poor
188,Patricia Ibarra,Unknown,Average
189,Robert Anderson,sarahpham@example.com,Average
190,Kimberly Johns,jonesbrandon@example.net,Good
191,Fernando Taylor,ballcristina@example.org,Good
192,Lawrence Martin,hardinjames@example.net,Average
193,Christopher Gray,vbailey@example.org,Good
194,Danielle Schneider,regina05@example.org,Excellent
195,Timothy Smith,kingjeffrey@example.net,Average
196,Nicole Moore,williamsdana@example.org,Poor
197,John Patel,kfritz@example.org,Poor
198,Kevin Bird,taylormichael@example.org,Excellent
199,James Norton,krobinson@example.org,Poor
200,Raymond Hansen,Unknown,Poor
201,Michelle Davis,james57@example.com,Average
202,Joseph White,pshelton@example.com,Excellent
203,Michelle Hill,phamchristina@example.org,Average
204,Nicholas Barry,destiny57@example.net,Excellent
205,Derek Jennings,michael86@example.org,Average
206,Ryan Jackson,ethantrevino@example.net,Average
207,Ashley Russell,Unknown,Good
208,Charles Clark,jonathantran@example.com,Poor
209,Darren Porter,Unknown,Excellent
210,Mr. Benjamin Jordan,stuarthurst@example.org,Poor
211,Carol Valdez,cwilson@example.com,Good
212,George Dean,jennifermay@example.net,Excellent
213,Kimberly King,hhill@example.org,Good
214,Kristen Fox,virginia79@example.net,Poor
215,Adam Martinez,jennifer40@example.org,Average
216,Monica Jones,erincraig@example.org,Good
217,Christian Wang,michaelmartinez@example.com,Good
218,Amy Campbell,emilyhill@example.net,Average
219,Cathy Salinas,Unknown,Poor
220,Ashley Howell,ginahodges@example.net,Good
221,Matthew Nichols,Unknown,Poor
222,Angela Copeland,rebeccariley@example.com,Average
223,Nicole Moore,greenangela@example.com,Excellent
224,Steven Jacobs,amanda65@example.org,Good
225,Madison Montgomery,danielle66@example.org,Poor
226,Micheal Campbell,xhodges@example.com,Average
227,Jacqueline House,april69@example.org,Average
228,Michelle Thomas,Unknown,Good
229,Amber Roberson,jeff47@example.net,Excellent
230,Justin Morales,Unknown,Good
231,Sierra Sims,steventhompson@example.com,Poor
232,Sherry Stephens,ahensley@example.net,Average
233,Patricia Leon,wporter@example.org,Excellent
234,Heather Erickson,Unknown,Poor
235,James Valenzuela,dbutler@example.net,Good
236,Mrs. Deborah Cline,catherine58@example.org,Average
237,Steven Davis,estradaeric@example.net,Good
238,Jack Munoz,wpeterson@example.com,Excellent
239,Glenn Scott,brandon73@example.net,Excellent
240,Michael Miller,robertnavarro@example.net,Excellent
241,Cheryl Davis,cbranch@example.net,Excellent
242,Taylor Allen,todd01@example.com,Excellent
243,Richard Smith,tamaraanderson@example.net,Good
244,Michelle Rush,lejohn@example.org,Excellent
245,John Brown,andersontyler@example.net,Excellent
246,Chad Warren,lunajessica@example.org,Average
247,Jill Chase,jade69@example.org,Excellent
248,Richard Fisher,ericdean@example.net,Average
249,Tyler Harvey,simpsonmorgan@example.net,Average
250,Robert Gutierrez,darrell09@example.net,Average
251,Emily Shah,stephensondennis@example.net,Good
252,Steven Powers,gabriela28@example.com,Good
253,Cristian Buckley,elizabethbolton@example.com,Poor
254,Hayden Graves,bthompson@example.org,Poor
255,Randy Robbins,john14@example.net,Average
256,Adam Livingston,gregorygray@example.org,Good
257,Alexander Harper,michelle86@example.net,Excellent
258,Kyle Clark,drewmurphy@example.org,Poor
259,Mrs. Rhonda James,cooperanthony@example.org,Good
260,Russell Fletcher,joyce53@example.net,Excellent
261,Taylor Morales,joanna04@example.org,Excellent
262,Brittany Rodriguez,kevin41@example.net,Good
263,Sandra Aguilar,maryhunt@example.net,Poor
264,Jason Montgomery,riosmark@example.net,Good
265,Jennifer Reyes,rsims@example.net,Poor
266,Whitney Thomas,matthewdaugherty@example.net,Average
267,James Lopez,rfloyd@example.net,Good
268,Kristina Wong,johnbaker@example.net,Good
269,Jennifer Bauer,alicia79@example.com,Poor
270,Jessica Clark,matthew13@example.net,Poor
271,Julie Deleon,tboone@example.net,Good
272,Frederick Harris,zallen@example.net,Excellent
273,Sean Hawkins,andrew85@example.net,Excellent
274,Lawrence Evans,allenjessica@example.org,Excellent
275,Eric Robinson,Unknown,Average
276,Aaron Martinez,kara88@example.com,Average
277,Miss Brittany Gilbert,Unknown,Poor
278,Tim Vega,steven19@example.net,Average
279,Christopher Wallace,shopkins@example.net,Excellent
280,Amber Park,shelia95@example.org,Good
281,Alexander Andrews,bennettmegan@example.net,Average
282,Dennis Carter,ashleyhunt@example.net,Average
283,Tasha Huang,ohunter@example.com,Excellent
284,Kevin Shaw,Unknown,Average
285,William Odonnell,Unknown,Poor
286,Mark Moreno,wreid@example.net,Good
287,David Young,brandoncontreras@example.org,Excellent
288,Jack Martinez,hturner@example.com,Poor
289,Justin Johnson,breweralyssa@example.net,Excellent
290,Paul Sanchez,ugilbert@example.net,Poor
291,Luis Smith,linda77@example.org,Good
292,Willie Alvarado,istewart@example.com,Good
293,Stacy Roberts,william61@example.net,Poor
294,Lynn White MD,scottedward@example.net,Poor
295,Christine Adams,colleenbeard@example.com,Poor
296,Meghan Robinson,beth67@example.com,Poor
297,Darrell Little,jennifer92@example.org,Poor
298,Matthew Duncan,uwalker@example.net,Poor
299,Amber Farley,brittneyowens@example.net,Good
300,Jennifer Weaver,kiddjason@example.com,Poor
301,Molly Taylor,garrettjohnson@example.org,Average
302,Steven Rivera,zmahoney@example.org,Good
303,Heidi Henry,Unknown,Excellent
304,Joseph Mays,nealandrew@example.net,Good
305,Charles Richardson,vreese@example.com,Excellent
306,Scott Miller,jonesmichelle@example.net,Excellent
307,Benjamin Peterson,vwilliams@example.com,Average
308,Mikayla Olsen,sarah79@example.org,Poor
309,Sonia Hernandez,Unknown,Poor
310,Kathleen Johnson,larsonjames@example.com,Good
311,Kimberly Patton,kellererin@example.org,Poor
312,Amy Hawkins,steinkara@example.org,Average
313,Judy Williamson,Unknown,Good
314,Patrick Oconnell,mary87@example.com,Good
315,Nancy Pittman,dbradley@example.org,Good
316,Christine Howell,josephmoore@example.org,Poor
317,Jean Morris,gonzalezstacy@example.net,Poor
318,Kenneth Fisher,mollybarton@example.org,Poor
319,James Vazquez,kelly16@example.org,Good
320,Bethany Edwards,ewiley@example.org,Good
321,Pamela Thomas,antonio54@example.com,Excellent
322,Eric Schneider,Unknown,Excellent
323,Alexander Adams,larryunderwood@example.net,Poor
324,Sophia Greer,courtneyhodges@example.net,Good
325,Michael Day,marc37@example.com,Poor
326,David Lucas,valerie37@example.org,Poor
327,Matthew Harris,watsondeanna@example.com,Excellent
328,Michael Frederick,fosterrussell@example.net,Average
329,Todd Turner,johnsonjoshua@example.com,Poor
330,Adam Burgess,villarrealryan@example.net,Average
331,John Hall,staffordmatthew@example.com,Average
332,Jimmy Andrews,webstermichelle@example.com,Good
333,Samantha Scott,katiewilson@example.org,Good
334,Anthony Steele,lloydanthony@example.org,Poor
335,David Norris,callahanmakayla@example.org,Excellent
336,Tom Smith,pellis@example.org,Excellent
337,Michelle Allison,Unknown,Poor
338,Nicole Gomez,mccartyemily@example.net,Poor
339,Jennifer Dillon,pauleverett@example.com,Excellent
340,Christina Ortega,rwalker@example.com,Average
341,Brian Mcfarland,michael06@example.org,Poor
342,John Evans,shawruben@example.net,Average
343,Regina Simmons,victoria28@example.net,Poor
344,Taylor Lee,harrisonchristopher@example.com,Poor
345,Matthew Richmond,edwin47@example.net,Average
346,Cassandra Johnson,william06@example.com,Average
347,Robert Vaughn,shannonpeters@example.net,Excellent
348,Travis Snow,eturner@example.org,Poor
349,Benjamin Mueller,wesleygarcia@example.org,Good
350,Patrick Navarro,jason36@example.org,Good
351,Robert Graves,bethmelton@example.net,Poor
352,Wesley Harris,jacquelineduke@example.org,Poor
353,Christine Lee,meganbarnett@example.com,Poor
354,James Davis,Unknown,Average
355,Bobby Gomez,stonechristina@example.net,Good
356,Robert King,mathewsmelissa@example.org,Good
357,Melissa Smith,hallheather@example.net,Good
358,Lisa Golden,molly53@example.net,Poor
359,Ashley Torres MD,amybailey@example.com,Average
360,Diana Cooper,johnsonchristopher@example.com,Poor
361,Donald Foster,daniellarson@example.org,Excellent
362,Joy Jackson,riverajessica@example.net,Excellent
363,Kelly Hansen,imullen@example.com,Good
364,Susan Hernandez,emmagutierrez@example.com,Poor
365,Amanda Roth,brianwhite@example.com,Excellent
366,Joy Mitchell,thomas10@example.org,Excellent
367,David Taylor,adam04@example.com,Poor
368,Kayla Williams,cartersarah@example.net,Average
369,Mark Stanton,coreybarrett@example.net,Poor
370,Barbara Nguyen,emily14@example.org,Poor
371,Paul Burch,clinton99@example.net,Average
372,Bryan Sanchez,nkhan@example.com,Good
373,Michael Cook,jamieparsons@example.com,Good
374,Brian Perez,Unknown,Good
375,Timothy Williams,stevenskathleen@example.com,Average
376,Rebecca Smith,Unknown,Excellent
377,Mr. John Jackson,sharpbrett@example.net,Average
378,Haley Singh,lmoore@example.com,Poor
379,Wendy Douglas,fuentesrichard@example.net,Average
380,Michaela Hicks,Unknown,Excellent
381,Tina Gonzalez,duane00@example.net,Excellent
382,David Warren,brenda34@example.org,Poor
383,Anita Cunningham,psmall@example.net,Good
384,Hannah Armstrong,Unknown,Excellent
385,Sarah Mcdaniel,mhansen@example.net,Excellent
386,Samuel Martinez,thomasstacy@example.org,Excellent
387,Ethan Jones,duane22@example.com,Poor
388,Veronica Wilson,sean26@example.com,Excellent
389,Derek Garcia,Unknown,Good
390,Andrew Jennings,ohernandez@example.net,Poor
391,Heather Nguyen,khutchinson@example.org,Good
392,Cory Summers,rpierce@example.net,Excellent
393,Kevin Combs,Unknown,Excellent
394,Jacqueline Hill,mmorgan@example.net,Good
395,Laurie Pena,xjoyce@example.net,Poor
396,Rebecca Martinez,david18@example.com,Poor
397,Richard Bright,michael65@example.com,Good
398,Robert Ritter,castroerica@example.org,Excellent
399,Karla Horton,roberto43@example.net,Average
400,Laura Miller,halljames@example.com,Good
401,Terry Stewart,julie97@example.net,Good
402,Kimberly Lambert,mario29@example.org,Good
403,Alexa Jones PhD,tammy78@example.com,Excellent
404,Brandon Smith,ruizsteven@example.net,Poor
405,Brandon Barton,millerdanny@example.org,Excellent
406,Keith Hernandez,madams@example.com,Good
407,Billy Mullins,rreynolds@example.net,Excellent
408,Garrett Stone,lwilliamson@example.net,Excellent
409,Maria Robinson,hcamacho@example.com,Good
410,Mary Jackson,kylesanchez@example.org,Excellent
411,Susan Andrews,garyrobinson@example.net,Average
412,David Wilson,isaacortega@example.com,Excellent
413,Michelle Foster,bridgesheather@example.net,Excellent
414,Janet Mcgrath,lwilson@example.net,Poor
415,Andrew Williams,Unknown,Poor
416,Luis Lin,rosalesbrian@example.org,Good
417,Jacqueline Smith DVM,anthony63@example.net,Good
418,Sheila Collins,katherine53@example.org,Poor
419,Leslie Duncan,vcoleman@example.org,Average
420,Mariah Smith,roblesdaniel@example.com,Excellent
421,Tammy Cox,tammy05@example.com,Average
422,Joann Lucero,kathy24@example.com,Average
423,Brian Zuniga,davidsonsteven@example.org,Poor
424,Travis Garcia,ritterkatie@example.net,Good
425,Benjamin Williams,cwhite@example.com,Excellent
426,Justin Nelson,cassandraodonnell@example.com,Good
427,Mr. Samuel Hernandez,dchambers@example.org,Average
428,Randy Tran,yhernandez@example.com,Average
429,David Gomez,tylerwright@example.com,Good
430,Kimberly Brown,Unknown,Good
431,Maria Roberson,michelemccoy@example.net,Poor
432,Charlotte Smith,gibsonsophia@example.net,Good
433,Juan Mitchell,evansamanda@example.net,Good
434,Jacob George,Unknown,Poor
435,Regina Jones,Unknown,Good
436,Arthur Lawson,whiteelizabeth@example.net,Average
437,Alison Parsons,maria86@example.com,Good
438,Rachel Lopez,jallen@example.org,Excellent
439,Miranda Hutchinson,lucaskevin@example.com,Average
440,Lisa Ruiz,johnsonmichael@example.com,Poor
441,Andre Cervantes,cvaughn@example.com,Average
442,Larry Foster,williamwells@example.net,Poor
443,Tyler Castillo,meganmunoz@example.net,Excellent
444,Christian Avila,Unknown,Excellent
445,Kaitlin Moses DDS,caldwellronald@example.net,Average
446,Alejandra Fischer,xball@example.net,Good
447,Ronald Wilson,yclarke@example.net,Average
448,John Gibson,osmith@example.net,Average
449,Steven Gordon,richardwalker@example.org,Excellent
450,Karl Malone,tonya15@example.com,Poor
451,Jessica Galvan,lisacraig@example.net,Average
452,Amy Ward,qwheeler@example.net,Good
453,Michelle Hunter,njohnson@example.org,Excellent
454,Mike Burton,tyler32@example.com,Average
455,Darrell Hernandez,lewisrenee@example.net,Average
456,Richard Rogers,jennifer03@example.net,Good
457,Jeffrey Wise,jordanelizabeth@example.org,Average
458,Michelle Mendoza,jennifer50@example.net,Average
459,Robert Manning,sandrastewart@example.com,Average
460,Christopher Harding,rangelmatthew@example.com,Average
461,Andrew Taylor,mary65@example.net,Good
462,Michael Reilly,benjamin41@example.org,Average
463,Gabrielle Barnes,jbrooks@example.org,Average
464,Katherine Mccarthy,kathryn56@example.net,Average
465,Margaret Ortiz,perezjennifer@example.net,Excellent
466,Joshua Young,teresaromero@example.org,Good
467,Clifford Perez,ramirezethan@example.net,Excellent
468,Christina Gonzales,wfarrell@example.org,Excellent
469,Justin Boyd,zstewart@example.org,Good
470,Brandon Kirby,Unknown,Excellent
471,Rebecca Bean,donaldsmith@example.org,Excellent
472,Jennifer Stark,Unknown,Excellent
473,Jose Rosales,kristenwilkerson@example.net,Good
474,Michael Smith,jacob88@example.com,Average
475,Brent Andersen,dwilliams@example.net,Poor
476,Tina Brown,lpacheco@example.org,Poor
477,Jessica Mckee,jtaylor@example.net,Good
478,Bryan Craig,seanmurphy@example.com,Poor
479,Lisa Garner,fpowell@example.com,Good
480,Jacob Hart,virginiaparker@example.org,Good
481,Bryan Miller,msimmons@example.com,Poor
482,Aaron Richardson,kaitlynhaley@example.com,Excellent
483,David Brown,turnerlydia@example.org,Average
484,Peter Orozco,christopher67@example.org,Poor
485,Jose Taylor,david68@example.org,Poor
486,Makayla Morgan,rayjames@example.com,Poor
487,Joy Rivera,hflores@example.net,Poor
488,Lynn Rodriguez,nathaniel99@example.com,Good
489,Daniel Lee,katherinepalmer@example.org,Good
490,Steven Jones,howelladam@example.com,Average
491,Joseph Whitaker,carpenteramanda@example.com,Average
492,Jackie Gonzalez,edwardsalyssa@example.org,Poor
493,Joseph Wilson,stephen06@example.net,Poor
494,Tracy Walker,duffyjohnny@example.com,Poor
495,Sarah Smith,steven17@example.com,Average
496,Kimberly Garcia,jenniferreed@example.net,Poor
497,Mr. William Garrison DDS,ricesarah@example.com,Excellent
498,Daniel Christian,hendricksshane@example.org,Average
499,Laura Walters,brittany97@example.org,Excellent
500,Thomas Mason,williamrivas@example.org,Poor
501,Amy Lowery,Unknown,Good
502,Stacey Mckenzie,wilsonbenjamin@example.net,Excellent
503,Jennifer Herman,mwilson@example.com,Average
504,Phillip Vincent,mary03@example.com,Excellent
505,William Reynolds,ivalentine@example.net,Average
506,Todd Rivera,Unknown,Poor
507,Taylor Mcmahon,oguzman@example.org,Excellent
508,Patrick Diaz,nnewton@example.org,Good
509,James Simmons,Unknown,Excellent
510,Michael Vang,karenrosario@example.net,Good
511,Ashley Martinez,shayden@example.com,Average
512,Clifford Moon,daniel86@example.com,Poor
513,Frank Salinas,astrong@example.net,Poor
514,John Mendoza,jim55@example.org,Good
515,Michelle Hernandez,zparker@example.net,Average
516,Tammy Cervantes,richardjackson@example.org,Poor
517,Matthew Bailey,randalldavis@example.org,Average
518,Cynthia Davis,jose88@example.org,Good
519,Devin York,dana10@example.com,Good
520,Joseph Rodriguez,rwheeler@example.com,Excellent
521,Kevin Smith,holly40@example.org,Poor
522,Anna Harris,allison31@example.net,Poor
523,Jessica Jones,williamsjuan@example.org,Excellent
524,Christopher Cox,melissajohnson@example.org,Good
525,Brittany Johnson,ccummings@example.net,Good
526,Amy Jones,yolandagarcia@example.com,Good
527,Matthew Nelson,michael64@example.org,Good
528,Carla Burns,bakerbrittany@example.net,Average
529,Christopher Holland,pkane@example.net,Poor
530,Kevin Mahoney,annafuller@example.com,Poor
531,David Everett,taylortyler@example.net,Good
532,Matthew Knox,iwalker@example.com,Good
533,Brittney Doyle,leejustin@example.com,Good
534,Kathryn Smith,james34@example.net,Poor
535,Michelle Wilson,jerry40@example.org,Poor
536,Mrs. Stacy Cunningham,mary86@example.net,Good
537,Stephanie Harrington,shepardtiffany@example.net,Average
538,Courtney Schmitt,lnavarro@example.org,Excellent
539,Terry Schmidt,zunigaian@example.org,Excellent
540,Deborah Cohen,sfrancis@example.com,Excellent
541,Dr. Matthew Graham,tina22@example.net,Poor
542,David Strong,michelle16@example.net,Poor
543,Bradley Lynch,blake18@example.net,Excellent
544,William Bray,Unknown,Excellent
545,Dawn Morales,stephanie92@example.com,Average
546,Darlene Romero,ocrawford@example.org,Poor
547,Jeffery Patel,byrdchris@example.net,Poor
548,Donald Willis,dmyers@example.com,Excellent
549,Donna Steele,travis47@example.com,Average
550,Michael Bennett,Unknown,Average
551,Brittany Davis,kcurtis@example.com,Excellent
552,Jimmy Woods,Unknown,Excellent
553,Shannon Hardin,hbecker@example.net,Poor
554,Michael Tran,Unknown,Excellent
555,Rebecca King,zimmermanjustin@example.net,Good
556,Kevin Mendez,aprince@example.net,Average
557,Dennis Taylor,gregory92@example.org,Excellent
558,Robert Campbell,paul49@example.org,Good
559,Tonya Harris,carlpadilla@example.com,Average
560,Michael Thompson,davidjohnson@example.com,Good
561,Albert Mitchell,Unknown,Good
562,Kristopher Smith,brittanyparker@example.net,Excellent
563,Kyle Deleon,Unknown,Average
564,Alexa Bryant,andrew62@example.net,Good
565,Crystal Hawkins,pmartin@example.org,Poor
566,Jessica Mendoza,Unknown,Average
567,Gregory Ramirez,ashleydavila@example.com,Poor
568,Derrick Carlson,hkrueger@example.org,Excellent
569,Sarah Harper,Unknown,Poor
570,Peter Sanders,robertbowman@example.com,Average
571,Stacy Hernandez,tanya92@example.net,Good
572,Stephen Kennedy,serranodaniel@example.com,Good
573,Edward Owens,veronica87@example.net,Average
574,Rebecca Conrad,markhaley@example.net,Good
575,Paul Bell,kgonzalez@example.org,Poor
576,Douglas Tanner PhD,Unknown,Good
577,Christine Fletcher,ubowers@example.com,Good
578,Chase Anderson,conwayrobert@example.com,Poor
579,Alexis Cole,katherine24@example.org,Poor
580,Evan Nelson,bradwilliams@example.com,Poor
581,Bethany Brown,richardhunter@example.org,Excellent
582,Raymond Hardy,wbowers@example.net,Poor
583,Margaret Rowland,flynnbrian@example.org,Poor
584,Johnny Graves,Unknown,Excellent
585,Teresa Williams,znielsen@example.com,Good
586,Caroline Mccarthy,uwolf@example.net,Poor
587,Ronald Boone,martinezkimberly@example.org,Average
588,Caitlin Kirby,dmartinez@example.net,Poor
589,Thomas Davis,cathyperez@example.com,Poor
590,Heidi Acevedo,alexa27@example.com,Excellent
591,Christina Powell,kfry@example.com,Average
592,Anita Gutierrez,clarkjames@example.com,Good
593,Jennifer Flowers,lmadden@example.com,Good
594,Gloria Morales,jennifermoran@example.net,Average
595,Jennifer Young,jesserodriguez@example.com,Poor
596,Mark Martinez,Unknown,Excellent
597,Jillian Hunter,stacydavis@example.net,Average
598,Erin Hunter,ysilva@example.org,Average
599,Emma Morton,danielanderson@example.com,Good
600,Paul Cross,tgilbert@example.net,Excellent
601,Jason Pittman,wongwillie@example.com,Average
602,Anthony Hall,stuartmark@example.org,Excellent
603,Cory Hernandez,xdiaz@example.org,Poor
604,Marissa Oconnell,hayesluis@example.net,Good
605,Andrea Campbell,mfarrell@example.com,Poor
606,Brandy Wilson,veronicagray@example.org,Excellent
607,Daniel Banks,kennedyjames@example.org,Poor
608,Rhonda Torres,dawnpeterson@example.net,Good
609,Robert Campbell,katherinepage@example.net,Excellent
610,Casey Berg,Unknown,Average
611,Christopher Le,justin76@example.com,Poor
612,Lynn Carney,vchavez@example.com,Good
613,Jennifer Church,erinlewis@example.org,Average
614,Benjamin Middleton,ijones@example.org,Good
615,Bradley Dixon,lisakennedy@example.org,Excellent
616,Daniel Mcdowell,jodi49@example.org,Excellent
617,Jessica Park,laurenalexander@example.net,Poor
618,William Clark,stephanie15@example.org,Good
619,Danielle Friedman,emilystokes@example.net,Good
620,Joanna Sims,Unknown,Good
621,Teresa Perez,bjackson@example.org,Excellent
622,Rachel White,dthomas@example.org,Poor
623,Christopher Henderson,danielleflores@example.net,Good
624,Jessica Nelson MD,chandlerbruce@example.org,Good
625,Joseph Robinson,diane29@example.org,Average
626,Timothy Fitzgerald,turneralexander@example.com,Good
627,Sarah Juarez,tiffany61@example.org,Poor
628,Melissa Scott,james10@example.net,Average
629,Kenneth French,Unknown,Average
630,Troy Salinas,rnguyen@example.org,Average
631,John Frederick,ryanharris@example.com,Excellent
632,Collin Richardson,wwilcox@example.com,Average
633,Isaiah Smith,james29@example.com,Good
634,Scott Sanders,lauren94@example.org,Excellent
635,James Martinez,kpruitt@example.com,Excellent
636,Jason Morton,kellybranch@example.com,Excellent
637,Lauren Wilkins,jeffery82@example.net,Excellent
638,Joshua Rose,amandashields@example.com,Excellent
639,Marissa Valencia,gutierrezcameron@example.org,Excellent
640,Michele Henry,qallen@example.com,Excellent
641,Herbert Gomez,veronicaprice@example.org,Average
642,Angela Marshall,howellmargaret@example.com,Poor
643,Jason Mcknight,dominguezdenise@example.net,Good
644,Karen Oconnell,james60@example.org,Good
645,Dana Shannon,joshua23@example.org,Average
646,Kimberly Johnson,mthompson@example.com,Average
647,Jennifer Gonzalez,vreyes@example.net,Excellent
648,Tammy Moore,victorgibson@example.net,Poor
649,Maria Barnes,jwilliams@example.org,Excellent
650,Lindsey Wright,stephaniepatrick@example.com,Average
651,Diane Calderon,jacquelinewilkins@example.net,Excellent
652,Wendy Ferrell,caitlin78@example.net,Good
653,Robert Ponce,holdenhunter@example.com,Good
654,William Johnson,michaelacosta@example.com,Excellent
655,Bryan Bentley,randerson@example.com,Poor
656,Aaron Brewer,mfriedman@example.com,Excellent
657,Christine White,mbird@example.org,Excellent
658,Gabrielle Savage,steeletiffany@example.com,Poor
659,Lori Adams,marybush@example.com,Poor
660,Jackie Jones,eclayton@example.com,Poor
661,Jessica Parker,cwalters@example.org,Good
662,James Anderson,lprince@example.org,Excellent
663,Frank Cunningham,brucesmith@example.net,Average
664,Jeremy Stewart,pollardrebecca@example.com,Poor
665,Harold Hampton MD,daniel91@example.com,Poor
666,John Johnson,dcraig@example.org,Excellent
667,Alexander Shepherd,barnetttamara@example.org,Average
668,Kayla Smith,phillipmartinez@example.org,Excellent
669,Jordan Jenkins,karenbutler@example.net,Excellent
670,Theresa Ramsey,marshallnicholas@example.com,Poor
671,Amy Jennings,jose45@example.com,Poor
672,Gregory Santana,Unknown,Good
673,Samantha Davis,amandafrye@example.net,Average
674,Drew Hughes,gcontreras@example.org,Average
675,Dr. Jennifer Chase,zbyrd@example.org,Poor
676,Courtney Fletcher,qholmes@example.net,Poor
677,Nancy Morris,pwilkins@example.org,Poor
678,Richard Bell,ronaldmatthews@example.com,Average
679,Darren Grant,kruegercassandra@example.org,Good
680,Brian Smith,camachodavid@example.org,Average
681,Sierra Lindsey,jeremy73@example.net,Poor
682,Jennifer Daniels,tlarson@example.org,Poor
683,Melissa Henry,dennismcdonald@example.net,Good
684,Cindy Robinson,nicholasjackson@example.com,Excellent
685,Danielle Rangel,jonathanjohnson@example.org,Excellent
686,Adam Blevins,janthony@example.org,Average
687,Donna Phillips,angela94@example.net,Excellent
688,Paula Franco,samantharichardson@example.net,Excellent
689,Shawn King,madkins@example.org,Average
690,Tina Abbott,gilbertmadison@example.org,Poor
691,Megan Carpenter,joelfischer@example.org,Excellent
692,Cassandra Rush,nevans@example.net,Poor
693,Robert Russell,keithestrada@example.org,Average
694,Kathryn Faulkner,evelyn98@example.org,Poor
695,Jennifer Walsh,monroetrevor@example.net,Poor
696,Sherry Carson,samanthapowell@example.org,Average
697,Christine Evans,barbara97@example.com,Poor
698,Stephanie Johnson,george47@example.com,Excellent
699,Scott Vang,carolwright@example.net,Excellent
700,Vickie Nguyen,wfoster@example.net,Excellent
701,Julia Sparks,zlester@example.com,Excellent
702,Nicholas Murray,jenkinsmary@example.net,Poor
703,Michelle Barron,ktran@example.net,Excellent
704,Charles Fox,elizabeth68@example.com,Poor
705,Jared Cordova,larry26@example.com,Good
706,Courtney Lewis,austinpatel@example.net,Poor
707,Daisy Graves,brittany75@example.org,Excellent
708,Christopher Avila,oliviagarcia@example.org,Good
709,Gregory Ramirez,michealmurphy@example.com,Average
710,Paula James,fieldsedward@example.net,Poor
711,James Mann,whitecurtis@example.org,Excellent
712,Lisa Rice,ealexander@example.com,Excellent
713,Bridget Lewis,anthony21@example.net,Excellent
714,James Rogers,hmcgrath@example.com,Average
715,Damon Hansen,timothyevans@example.net,Good
716,Michelle Mcdonald,ryanwiggins@example.org,Good
717,Victoria Gutierrez,amywalker@example.com,Excellent
718,Mark Snyder,ghall@example.org,Poor
719,Rebecca Todd,mary17@example.net,Excellent
720,Amanda King,joshuacarr@example.com,Excellent
721,Colin Foley V,juannixon@example.org,Poor
722,Sarah Jones,fergusonstephen@example.org,Excellent
723,Chelsea Nunez,gtaylor@example.net,Average
724,Mary Estrada,hunterbrenda@example.org,Excellent
725,Carrie Jordan,jane39@example.org,Average
726,Edwin Wall,kendra73@example.org,Excellent
727,Jared Anderson,mariaparker@example.net,Good
728,Erica Robinson,perezsamuel@example.com,Poor
729,Trevor Chase,ralphwilliams@example.com,Good
730,Valerie Cortez,aaron82@example.com,Excellent
731,Christopher Gaines,Unknown,Excellent
732,Anthony Terry,hamiltonivan@example.net,Average
733,Mark Davis,angelicavelez@example.net,Excellent
734,Mary Gross,aguirrerobert@example.net,Excellent
735,Daniel Bender,powelljeremiah@example.net,Excellent
736,Philip Hughes,utucker@example.com,Good
737,Connie Vaughn,brownbrittney@example.com,Average
738,Lisa Fletcher,jennabrown@example.com,Good
739,Amber Harris,hashley@example.org,Average
740,Kristina Wong,coopersteven@example.net,Good
741,Matthew Brooks,geoffreycastro@example.org,Excellent
742,Alexis Arnold,jaime47@example.net,Good
743,Michael Arroyo,mario41@example.org,Good
744,Joy Davis MD,nelsonshelby@example.org,Average
745,Jasmine Jackson,william87@example.org,Average
746,Richard Lane,obailey@example.com,Good
747,Kyle Hall,mark65@example.com,Average
748,Steven Mcintosh,yklein@example.net,Average
749,Alexander Nixon,juan74@example.com,Average
750,Elizabeth Andrews,tylercandice@example.org,Poor
751,Katherine Watts,misty51@example.org,Average
752,Stephanie Pierce,Unknown,Poor
753,Susan Thomas,george35@example.org,Poor
754,Jessica Noble,bradley68@example.org,Average
755,Stephanie Harvey,mferguson@example.net,Good
756,Kim Hodges,xedwards@example.net,Average
757,Jeffrey Richmond,kathleenthompson@example.org,Excellent
758,Bobby Smith,chicks@example.com,Good
759,Tara Zimmerman,lisasanders@example.net,Poor
760,Keith Ware,tammy50@example.com,Poor
761,Courtney Martin,asmith@example.net,Good
762,James Lynch,twilson@example.org,Good
763,Michael Smith,thomasfoster@example.com,Average
764,James Ryan,lcarpenter@example.com,Poor
765,Jennifer Cross,brian17@example.net,Excellent
766,Michelle Arroyo,monica22@example.org,Average
767,Bradley Bradley,Unknown,Good
768,Thomas Barajas,tsmith@example.com,Poor
769,Sara Roberts,urobinson@example.net,Good
770,Alyssa Parsons,edward36@example.com,Good
771,Gabriel Vasquez,hsmith@example.org,Good
772,Lisa Perez,omiller@example.net,Average
773,Michelle Allison,madeline68@example.com,Excellent
774,Keith Juarez,james19@example.com,Excellent
775,Anthony Horton,vsmith@example.com,Poor
776,Melanie Dean,sjohnson@example.com,Good
777,David Middleton,fhernandez@example.org,Excellent
778,Angela Long,tammysmith@example.com,Good
779,David Scott,barbaramartinez@example.org,Poor
780,Sherri Parker,jacksonpaige@example.net,Good
781,Elizabeth Norris,Unknown,Excellent
782,Shawn Sampson,eric63@example.net,Good
783,Anthony Taylor,Unknown,Excellent
784,Joshua Johnson,mwright@example.org,Poor
785,Kenneth Parker,sullivanjamie@example.net,Good
786,Erica Gonzalez,jamesjones@example.net,Excellent
787,Shelley Vang,Unknown,Poor
788,Samuel Archer,jacksonsara@example.com,Good
789,Stephanie Frost,margaret44@example.net,Poor
790,Anthony Kerr,Unknown,Excellent
791,Julie Jacobs,Unknown,Good
792,Larry Jones,Unknown,Good
793,Seth Garrison,dbrown@example.org,Good
794,Mikayla Liu,justinfox@example.net,Poor
795,Mary Ramirez,david63@example.org,Poor
796,Jennifer Cooper,careykenneth@example.org,Excellent
797,Margaret Ruiz,jeffrey18@example.net,Average
798,Sarah Smith,kevinhart@example.com,Good
799,Amber Cox,showell@example.org,Good
800,Jonathan Garcia,wandagibbs@example.org,Excellent
801,Amy Gray,patricia16@example.org,Good
802,Tiffany Flynn,freemanlaurie@example.net,Poor
803,Brett Sawyer,Unknown,Poor
804,Annette Romero,brandonharrison@example.org,Good
805,Jasmine Reed,Unknown,Good
806,Crystal Houston,jenniferhaynes@example.net,Poor
807,Jessica Edwards,jdavis@example.net,Good
808,Heather Dillon,janeperez@example.net,Poor
809,Barbara Everett,williamsrobert@example.com,Average
810,Marcia Wolfe,bbryan@example.com,Average
811,Michael Cowan,jennifer99@example.com,Good
812,Brittany Jenkins,ayaladennis@example.org,Good
813,Brett Hernandez,patricia01@example.net,Good
814,Katherine Schwartz,ngonzalez@example.com,Poor
815,Gary Huffman,sherryharris@example.com,Average
816,Antonio Sanders,qgarcia@example.com,Average
817,Amy Hess,rmatthews@example.com,Excellent
818,Nicholas Stanley,juliemccann@example.org,Excellent
819,Christopher Miller,barrybenton@example.com,Good
820,Barry West,pjenkins@example.org,Poor
821,Lisa Coffey,briannaharris@example.org,Good
822,Johnathan Miller,matthewanderson@example.net,Average
823,Kelli Long,timothy04@example.com,Good
824,Jason Sanchez,Unknown,Good
825,Chad Lee,mathewsashley@example.com,Average
826,Heather Everett,Unknown,Average
827,Mr. Ryan Sanders,theresacarney@example.net,Average
828,Christopher Gordon,alexandriamyers@example.org,Average
829,Allen Lloyd,kaylapaul@example.net,Excellent
830,Scott Forbes,anthonydavis@example.org,Poor
831,Sandra Strickland,carterkimberly@example.net,Poor
832,Meghan Peters,jamesbrown@example.net,Average
833,Melanie Payne,Unknown,Poor
834,Mrs. Amanda Mcdaniel MD,prodgers@example.com,Poor
835,Megan Huynh,qanderson@example.com,Poor
836,Christopher Faulkner,christinetapia@example.org,Poor
837,Jennifer Patterson,mayosean@example.net,Average
838,Terri Holt,Unknown,Good
839,Vicki Hudson,lisa47@example.net,Good
840,Jerry Ray,jeremy66@example.com,Good
841,Shannon Martinez,ugill@example.net,Excellent
842,Melinda Johnson,angela13@example.net,Poor
843,Zachary Marshall,fhawkins@example.net,Average
844,Eric Perez,nicolehobbs@example.org,Average
845,Tanya Gutierrez,calvingrimes@example.net,Excellent
846,Lori Parker,jimenezdavid@example.org,Average
847,Megan Long,sheri14@example.com,Good
848,Misty Peterson,rmartinez@example.org,Excellent
849,Mary Johnson,johnhumphrey@example.org,Average
850,Jessica Mcdonald,nealderek@example.net,Excellent
851,Tricia Bailey,jgross@example.net,Excellent
852,Kaitlyn Young,brandon17@example.org,Average
853,Meredith Jones,kathrynjohnson@example.org,Good
854,Micheal Lane,jacob85@example.net,Average
855,Andrew Curry,garciabrandon@example.com,Poor
856,Brittany Kim,debbie90@example.org,Poor
857,Julie Martinez,amandacase@example.org,Average
858,Andrea Johnston,vreed@example.com,Good
859,Sarah Brown,jerryandrews@example.org,Poor
860,Tricia Sims,iberry@example.org,Poor
861,Tammy Wang,smithcheyenne@example.org,Average
862,Brandon Fleming,nicolemcdonald@example.net,Average
863,Morgan Perry,josephclark@example.net,Average
864,Michael Flynn,christopherlucas@example.net,Excellent
865,Stacy Willis,taylorcaroline@example.com,Excellent
866,Matthew Smith,vickilopez@example.org,Excellent
867,Stephanie Green,justinwright@example.net,Average
868,Douglas Parks,imiddleton@example.com,Good
869,Christina Lopez,kaylacruz@example.org,Poor
870,Brian Harris,edward95@example.com,Excellent
871,Chris Hart,ashleymatthew@example.com,Good
872,Christopher Gonzalez,kperkins@example.net,Average
873,Nicholas Williams MD,destiny61@example.net,Excellent
874,Susan Castillo,vwilson@example.org,Average
875,Tracey Alvarado,miawilliams@example.org,Good
876,Lawrence Shah,dcarey@example.com,Excellent
877,Andrew Fox,kristopherkelly@example.org,Excellent
878,Tammy Guerrero,christopher31@example.com,Excellent
879,Brenda Kim,bmorgan@example.com,Excellent
880,Ryan West,uknox@example.com,Good
881,Judith Watts,susan92@example.com,Excellent
882,Stephanie Waters,rcochran@example.org,Poor
883,Stephanie Craig,Unknown,Poor
884,Natalie Camacho,peggyfranklin@example.com,Average
885,Timothy Humphrey,vstark@example.com,Excellent
886,Brian Moore,jbruce@example.org,Poor
887,Jessica Ruiz,fletcheranna@example.com,Poor
888,Alicia Powers MD,bakerjustin@example.net,Poor
889,Felicia Black,sjackson@example.org,Good
890,Sean Miller,dmason@example.net,Excellent
891,James Hubbard,melissa96@example.com,Good
892,Caitlin Gomez,Unknown,Good
893,David Lara,richardreyes@example.net,Poor
894,Bruce Watts,neilgallegos@example.com,Poor
895,Scott Diaz,Unknown,Average
896,Tony Stewart,fcole@example.org,Excellent
897,Joseph Torres,mariahayes@example.net,Excellent
898,Cheryl Valenzuela,Unknown,Poor
899,Patrick Middleton,perezjoy@example.org,Poor
900,John Caldwell,ureynolds@example.org,Excellent
901,Paul Robbins,brent52@example.net,Average
902,James Tran,ndavis@example.com,Poor
903,Cynthia Lopez,qharris@example.org,Average
904,Catherine Miles,joshua52@example.org,Good
905,John Maxwell,hilllaura@example.net,Poor
906,Jason Williams,Unknown,Good
907,Frank Ramirez,lruiz@example.org,Poor
908,Christopher Lyons,ana85@example.org,Good
909,Paul Washington,james31@example.com,Poor
910,Deanna Robinson,jamespayne@example.net,Average
911,Rachel Andersen,rperez@example.org,Average
912,Phyllis Wade,warnerholly@example.com,Average
913,Robert Valencia,Unknown,Good
914,Rachael Watson,randall94@example.org,Average
915,Seth Massey,Unknown,Good
916,Julie Lopez,zrogers@example.com,Poor
917,Denise Beltran,xlogan@example.org,Good
918,Theresa Williams,sally85@example.com,Poor
919,Amy Rivas,andersonraymond@example.net,Excellent
920,Nicolas Spencer,brodriguez@example.org,Excellent
921,Holly Lee,shortjoshua@example.net,Excellent
922,Isabel Lewis,staylor@example.org,Good
923,John Lin,jennifer33@example.org,Excellent
924,Alicia Weeks,jessicahall@example.com,Excellent
925,Crystal Bush,calebrodriguez@example.net,Excellent
926,Jorge Lambert,courtneymcfarland@example.net,Poor
927,Patricia Harper,dparrish@example.org,Average
928,Amy Gutierrez,kristahill@example.org,Good
929,Richard Baker,mjones@example.com,Excellent
930,Robert Kelley,zthomas@example.net,Poor
931,Eric Leonard,omoreno@example.com,Average
932,Melissa Martin MD,hughesamy@example.com,Average
933,Mary Green,lisadavis@example.com,Average
934,Elizabeth Page,ericasanders@example.org,Poor
935,Brenda Mueller DVM,colemichele@example.com,Excellent
936,Jennifer Thornton,moyercameron@example.com,Average
937,Courtney Juarez,crussell@example.org,Poor
938,Nicole Benjamin,dlawson@example.com,Poor
939,Joel Clark,gabrielle95@example.org,Good
940,Michael King,csanchez@example.net,Poor
941,Julia Matthews,smack@example.org,Average
942,Victor Mcbride,hermanmark@example.com,Average
943,Tanya Watts,stevengarcia@example.net,Poor
944,Timothy Davis,richardmurphy@example.com,Average
945,Matthew Hawkins,mendozajustin@example.net,Poor
946,Rebecca Abbott,bwarner@example.org,Average
947,Marilyn Garcia,Unknown,Good
948,Stacey Ashley,barbara25@example.com,Excellent
949,Frances Green,bmcneil@example.com,Good
950,Emily Hahn,tiffanycox@example.net,Good
951,Kayla Green,christopher80@example.net,Excellent
952,Stephanie Long,joshuajohnson@example.net,Average
953,Kimberly Manning,allen19@example.com,Excellent
954,Theresa Ray,barronsharon@example.org,Poor
955,Charles Bennett,psandoval@example.org,Excellent
956,Melissa Lopez,oscar04@example.com,Good
957,Bruce Nguyen,moranjason@example.org,Excellent
958,John Nguyen,portega@example.com,Average
959,Donna Smith,gibbsvictoria@example.net,Good
960,Caleb Hubbard,ifrazier@example.com,Poor
961,Rebecca Cummings,alexanderoconnor@example.org,Average
962,Stephanie Mccann,Unknown,Good
963,Aimee Harrison,mcconnellanna@example.com,Poor
964,Mrs. Marie Mosley,brownchristopher@example.net,Average
965,Kyle Lindsey,Unknown,Poor
966,Kiara Thompson,williamsjohn@example.org,Excellent
967,Patricia Davenport,sharpmichael@example.com,Excellent
968,Brian Meza,randynewton@example.net,Poor
969,Sean Morales,colleen04@example.com,Excellent
970,Candice Coleman,vickie34@example.net,Poor
971,Michael Henderson,kayla73@example.org,Average
972,Blake Edwards,Unknown,Good
973,James Richardson,seansanders@example.org,Poor
974,Carla Wilson,lroberts@example.net,Good
975,Sandra Gutierrez MD,cbest@example.net,Good
976,Devin Phillips,halljoshua@example.org,Poor
977,Matthew Watkins,amber57@example.net,Excellent
978,Annette Avila,Unknown,Average
979,Katherine Schultz,robertsjames@example.net,Good
980,Tracy Roberts,keithroberts@example.com,Average
981,Christopher Harper,castromatthew@example.com,Good
982,Andrew Hall,tanyagriffith@example.org,Poor
983,Alexis Harding,sullivanerin@example.org,Excellent
984,Diane Wells,gabriel03@example.org,Average
985,Jennifer Brock,vshaw@example.org,Good
986,Angela Levine,kimberlyellis@example.com,Poor
987,Courtney Jones,Unknown,Poor
988,Vincent Walters,ashleylynn@example.org,Good
989,Andrew Rodriguez,greenbarry@example.com,Good
990,Matthew Massey,rschmidt@example.com,Good
991,Jessica Howell,david62@example.com,Excellent
992,Stephanie Griffith,manndavid@example.org,Good
993,Melinda Cannon,Unknown,Good
994,Marc Wilkins,williamsjacqueline@example.net,Excellent
995,Lauren Hines,robertmaxwell@example.com,Poor
996,Roy Garcia,johnsonangela@example.org,Good
997,Bruce Chung,lori61@example.org,Average
998,Leslie Carter,zreed@example.com,Poor
999,Jonathan Richards PhD,chambersanthony@example.org,Average
